{"cameraMode":{"drawMode":0,"name":"Shaded","section":"Shading Mode"},"sceneLighting":true,"audioPlay":false,"sceneViewState":{"showFog":true,"showMaterialUpdate":false,"showSkybox":true,"showFlares":true,"showImageEffects":true,"showParticleSystems":true},"in2DMode":false,"pivot":{"x":379.4800720214844,"y":149.31695556640626,"z":0.0},"rotation":{"x":-0.019488150253891946,"y":0.032987721264362338,"z":0.0006433430826291442,"w":0.9992657899856567},"size":409.710693359375,"orthographic":false}