{"cameraMode":{"drawMode":0,"name":"Shaded","section":"Shading Mode"},"sceneLighting":true,"audioPlay":false,"sceneViewState":{"showFog":true,"showMaterialUpdate":false,"showSkybox":true,"showFlares":true,"showImageEffects":true,"showParticleSystems":true},"in2DMode":false,"pivot":{"x":293.34600830078127,"y":204.28041076660157,"z":-13.708221435546875},"rotation":{"x":-0.019488150253891946,"y":0.032987721264362338,"z":0.0006433430826291442,"w":0.9992657899856567},"size":210.12124633789063,"orthographic":true}