{"cameraMode":{"drawMode":0,"name":"Shaded","section":"Shading Mode"},"sceneLighting":true,"audioPlay":false,"sceneViewState":{"showFog":true,"showMaterialUpdate":false,"showSkybox":true,"showFlares":true,"showImageEffects":true,"showParticleSystems":true},"in2DMode":false,"pivot":{"x":314.2508850097656,"y":159.9619140625,"z":-13.556060791015625},"rotation":{"x":-0.019488150253891946,"y":0.032987721264362338,"z":0.0006433430826291442,"w":0.9992657899856567},"size":223.10877990722657,"orthographic":true}