{"cameraMode":{"drawMode":0,"name":"Shaded","section":"Shading Mode"},"sceneLighting":true,"audioPlay":false,"sceneViewState":{"showFog":true,"showMaterialUpdate":false,"showSkybox":true,"showFlares":true,"showImageEffects":true,"showParticleSystems":true},"in2DMode":false,"pivot":{"x":310.6475830078125,"y":223.18545532226563,"z":-15.919525146484375},"rotation":{"x":-0.019488150253891946,"y":0.032987721264362338,"z":0.0006433430826291442,"w":0.9992657899856567},"size":256.4281311035156,"orthographic":true}