{"cameraMode":{"drawMode":0,"name":"Shaded","section":"Shading Mode"},"sceneLighting":true,"audioPlay":false,"sceneViewState":{"showFog":true,"showMaterialUpdate":false,"showSkybox":true,"showFlares":true,"showImageEffects":true,"showParticleSystems":true},"in2DMode":false,"pivot":{"x":311.81964111328127,"y":135.60874938964845,"z":2.075164794921875},"rotation":{"x":-0.019488150253891946,"y":0.032987721264362338,"z":0.0006433430826291442,"w":0.9992657899856567},"size":184.2850799560547,"orthographic":false}