{"cameraMode":{"drawMode":0,"name":"Shaded","section":"Shading Mode"},"sceneLighting":true,"audioPlay":false,"sceneViewState":{"showFog":true,"showMaterialUpdate":false,"showSkybox":true,"showFlares":true,"showImageEffects":true,"showParticleSystems":true},"in2DMode":false,"pivot":{"x":379.51971435546877,"y":134.11569213867188,"z":0.3330078125},"rotation":{"x":0.0029999923426657917,"y":-0.001499992678873241,"z":0.000004499991518969182,"w":0.9999943375587463},"size":188.23060607910157,"orthographic":true}