{"cameraMode":{"drawMode":0,"name":"Shaded","section":"Shading Mode"},"sceneLighting":true,"audioPlay":false,"sceneViewState":{"showFog":true,"showMaterialUpdate":false,"showSkybox":true,"showFlares":true,"showImageEffects":true,"showParticleSystems":true},"in2DMode":false,"pivot":{"x":-0.8667430877685547,"y":-0.15014076232910157,"z":-1.087939739227295},"rotation":{"x":-0.05390536040067673,"y":0.7224780917167664,"z":-0.05669284239411354,"w":-0.6869539022445679},"size":13.823103904724121,"orthographic":false}