{"cameraMode":{"drawMode":0,"name":"Shaded","section":"Shading Mode"},"sceneLighting":true,"audioPlay":false,"sceneViewState":{"showFog":true,"showMaterialUpdate":false,"showSkybox":true,"showFlares":true,"showImageEffects":true,"showParticleSystems":true},"in2DMode":false,"pivot":{"x":-7.647651195526123,"y":5.7138824462890629,"z":-4.144970417022705},"rotation":{"x":-0.32052525877952578,"y":-0.5617169141769409,"z":0.24983972311019898,"w":-0.7206482887268066},"size":1.111768126487732,"orthographic":false}