{"cameraMode":{"drawMode":0,"name":"Shaded","section":"Shading Mode"},"sceneLighting":true,"audioPlay":false,"sceneViewState":{"showFog":true,"showMaterialUpdate":false,"showSkybox":true,"showFlares":true,"showImageEffects":true,"showParticleSystems":true},"in2DMode":false,"pivot":{"x":356.219482421875,"y":55.89459228515625,"z":-190.61956787109376},"rotation":{"x":0.14832670986652375,"y":-0.7350496053695679,"z":0.17055748403072358,"w":0.6392408609390259},"size":584.07568359375,"orthographic":false}