{"cameraMode":{"drawMode":0,"name":"Shaded","section":"Shading Mode"},"sceneLighting":true,"audioPlay":false,"sceneViewState":{"showFog":true,"showMaterialUpdate":false,"showSkybox":true,"showFlares":true,"showImageEffects":true,"showParticleSystems":true},"in2DMode":false,"pivot":{"x":-11.957820892333985,"y":-0.6488159894943237,"z":-14.301342010498047},"rotation":{"x":0.06560778617858887,"y":-0.866495668888092,"z":0.1182335913181305,"w":0.4806092381477356},"size":10.0,"orthographic":false}