{"cameraMode":{"drawMode":0,"name":"Shaded","section":"Shading Mode"},"sceneLighting":true,"audioPlay":false,"sceneViewState":{"showFog":true,"showMaterialUpdate":false,"showSkybox":true,"showFlares":true,"showImageEffects":true,"showParticleSystems":true},"in2DMode":false,"pivot":{"x":0.8626308441162109,"y":-0.19115304946899415,"z":20.007278442382814},"rotation":{"x":0.02362027019262314,"y":-0.6730057597160339,"z":0.022181421518325807,"w":0.7389281392097473},"size":13.783509254455567,"orthographic":false}