{"cameraMode":{"drawMode":0,"name":"Shaded","section":"Shading Mode"},"sceneLighting":false,"audioPlay":false,"sceneViewState":{"showFog":true,"showMaterialUpdate":false,"showSkybox":false,"showFlares":true,"showImageEffects":true,"showParticleSystems":true},"in2DMode":false,"pivot":{"x":-0.8854964971542358,"y":0.016453638672828676,"z":-1.1920928955078126e-7},"rotation":{"x":0.01469425205141306,"y":0.9680582284927368,"z":-0.24338428676128388,"w":0.058446500450372699},"size":1.253523349761963,"orthographic":false}