{"cameraMode":{"drawMode":0,"name":"Shaded","section":"Shading Mode"},"sceneLighting":true,"audioPlay":false,"sceneViewState":{"showFog":true,"showMaterialUpdate":false,"showSkybox":true,"showFlares":true,"showImageEffects":true,"showParticleSystems":true},"in2DMode":false,"pivot":{"x":642.9959716796875,"y":195.8375244140625,"z":757.8602294921875},"rotation":{"x":0.022807912901043893,"y":0.001494519179686904,"z":-0.0000341995655617211,"w":0.9997406005859375},"size":719.9515991210938,"orthographic":false}