{"cameraMode":{"drawMode":0,"name":"Shaded","section":"Shading Mode"},"sceneLighting":true,"audioPlay":false,"sceneViewState":{"showFog":true,"showMaterialUpdate":false,"showSkybox":true,"showFlares":true,"showImageEffects":true,"showParticleSystems":true},"in2DMode":false,"pivot":{"x":1.9538023471832276,"y":2.0227208137512209,"z":-7.135115146636963},"rotation":{"x":0.003654491389170289,"y":0.9892622828483582,"z":-0.021601421758532525,"w":0.1445012390613556},"size":4.584477424621582,"orthographic":false}